Timestamp,Event,Survey,Actual,Prior,Revised,Ticker
7/28/21 19:00,FOMC Rate Decision (Upper Bound),0.25%,0.25%,0.25%,     --,FDTR Index
9/22/21 19:00,FOMC Rate Decision (Upper Bound),0.25%,0.25%,0.25%,     --,FDTR Index
11/3/21 18:00,FOMC Rate Decision (Upper Bound),0.25%,0.25%,0.25%,     --,FDTR Index
12/15/21 19:00,FOMC Rate Decision (Upper Bound),0.25%,0.25%,0.25%,     --,FDTR Index
1/26/22 19:00,FOMC Rate Decision (Upper Bound),0.25%,0.25%,0.25%,     --,FDTR Index
3/16/22 18:00,FOMC Rate Decision (Upper Bound),0.50%,0.50%,0.25%,     --,FDTR Index
5/4/22 19:00,FOMC Rate Decision (Upper Bound),1.00%,1.00%,0.50%,     --,FDTR Index
6/15/22 19:00,FOMC Rate Decision (Upper Bound),1.50%,1.75%,1.00%,     --,FDTR Index
7/27/22 19:00,FOMC Rate Decision (Upper Bound),2.50%,2.50%,1.75%,     --,FDTR Index
9/21/22 19:00,FOMC Rate Decision (Upper Bound),3.25%,3.25%,2.50%,     --,FDTR Index
11/2/22 18:00,FOMC Rate Decision (Upper Bound),4.00%,4.00%,3.25%,     --,FDTR Index
12/14/22 19:00,FOMC Rate Decision (Upper Bound),4.50%,4.50%,4.00%,     --,FDTR Index
2/1/23 19:00,FOMC Rate Decision (Upper Bound),4.75%,4.75%,4.50%,     --,FDTR Index
3/22/23 18:00,FOMC Rate Decision (Upper Bound),5.00%,5.00%,4.75%,     --,FDTR Index
5/3/23 19:00,FOMC Rate Decision (Upper Bound),5.25%,5.25%,5.00%,     --,FDTR Index
6/14/23 19:00,FOMC Rate Decision (Upper Bound),5.25%,5.25%,5.25%,     --,FDTR Index
7/26/23 19:00,FOMC Rate Decision (Upper Bound),5.50%,5.50%,5.25%,     --,FDTR Index
9/20/23 19:00,FOMC Rate Decision (Upper Bound),5.50%,5.50%,5.50%,     --,FDTR Index
11/1/23 18:00,FOMC Rate Decision (Upper Bound),5.50%,5.50%,5.50%,     --,FDTR Index
12/13/23 19:00,FOMC Rate Decision (Upper Bound),5.50%,5.50%,5.50%,     --,FDTR Index
1/31/24 19:00,FOMC Rate Decision (Upper Bound),5.50%,5.50%,5.50%,     --,FDTR Index
3/20/24 18:00,FOMC Rate Decision (Upper Bound),5.50%,5.50%,5.50%,     --,FDTR Index
5/1/24 19:00,FOMC Rate Decision (Upper Bound),5.50%,5.50%,5.50%,     --,FDTR Index
6/12/24 19:00,FOMC Rate Decision (Upper Bound),5.50%,5.50%,5.50%,     --,FDTR Index
7/31/24 19:00,FOMC Rate Decision (Upper Bound),5.50%,5.50%,5.50%,     --,FDTR Index
9/18/24 19:00,FOMC Rate Decision (Upper Bound),5.25%,5.00%,5.50%,     --,FDTR Index
11/7/24 19:00,FOMC Rate Decision (Upper Bound),4.75%,4.75%,5.00%,     --,FDTR Index
12/18/24 19:00,FOMC Rate Decision (Upper Bound),4.50%,4.50%,4.75%,     --,FDTR Index
1/29/25 19:00,FOMC Rate Decision (Upper Bound),4.50%,4.50%,4.50%,     --,FDTR Index
3/19/25 18:00,FOMC Rate Decision (Upper Bound),4.50%,4.50%,4.50%,     --,FDTR Index
5/7/25 19:00,FOMC Rate Decision (Upper Bound),4.50%,4.50%,4.50%,     --,FDTR Index
6/18/25 19:00,FOMC Rate Decision (Upper Bound),4.50%,4.50%,4.50%,     --,FDTR Index
7/30/25 19:00,FOMC Rate Decision (Upper Bound),4.50%,4.50%,4.50%,     --,FDTR Index
9/17/25 19:00,FOMC Rate Decision (Upper Bound),4.25%,4.25%,4.50%,     --,FDTR Index
10/29/25 18:00,FOMC Rate Decision (Upper Bound),4.00%,4.00%,4.25%,     --,FDTR Index
12/10/25 19:00,FOMC Rate Decision (Upper Bound),3.75%,3.75%,4.00%,     --,FDTR Index
1/28/26 19:00,FOMC Rate Decision (Upper Bound),3.75%,3.75%,3.75%,     --,FDTR Index
3/18/26 18:00,FOMC Rate Decision (Upper Bound),3.75%,3.75%,3.75%,     --,FDTR Index
4/29/26 19:00,FOMC Rate Decision (Upper Bound),3.75%,3.75%,3.75%,     --,FDTR Index
6/17/26 19:00,FOMC Rate Decision (Upper Bound),3.75%,3.75%,3.75%,     --,FDTR Index